topic,persona,original_sentiment,output_sentiment,subjectivity,drift,output
The government raised taxes on middle cl...,neutral,0.0,0.125,0.25,0.125,"The government has implemented a tax increase that affects middle-class families. This change took effect this year, resulting in a higher tax burden for households within this demographic. The tax hike is now in place, impacting the financial obligations of middle-class families."
The government raised taxes on middle cl...,left,0.0,-0.0595,0.4429,-0.0595,"This regressive tax hike is a blatant example of the system's failure to prioritize the needs of working-class Americans, instead choosing to further burden those who are already struggling to make ends meet. By raising taxes on middle-class families, the government is essentially pulling the rug out from under the very people who are the backbone of our economy. This misguided policy will only serve to exacerbate income inequality and perpetuate the cycle of economic injustice that has come to define our country."
The government raised taxes on middle cl...,right,0.0,0.3125,0.5125,0.3125,"The latest tax hike on middle class families is a perfect example of the government's misguided priorities and addiction to spending, further burdening hardworking Americans who are already struggling to make ends meet. This reckless move will only serve to stifle economic growth and limit opportunities for those who need them most. It's just another example of the government's tendency to penalize success and reward dependency."
The government raised taxes on middle cl...,tabloid,0.0,-0.3,0.4,-0.3,"BOMBSHELL: Middle Class Families SLAMMED with SOARING Tax Hikes in Shocking Government Betrayal! The axe has fallen, and it's the everyday Joe who's footing the bill as tax rates SKYROCKET, leaving already-struggling families on the brink of financial disaster! Can you afford to pay the price of bureaucratic greed?"
Scientists confirmed climate change is a...,neutral,0.4,0.1467,0.5633,-0.2533,"Scientists have confirmed that climate change is accelerating at a rate that is faster than previously predicted. According to recent findings, the pace of climate change is exceeding earlier projections. This confirmation is based on the latest data and research conducted by the scientific community."
Scientists confirmed climate change is a...,left,0.4,-0.0344,0.5913,-0.4344,"The devastating reality of climate change is finally being acknowledged by the scientific community, and it's clear that our planet is on a catastrophic collision course if we don't take immediate, drastic action to reduce our carbon footprint and transition to renewable energy. The fact that climate change is accelerating faster than predicted is a stark reminder of the urgent need for bold, progressive policies that prioritize people and the planet over corporate profits and special interests. It's time for our leaders to stop dragging their feet and start taking the necessary steps to mitigate this existential crisis."
Scientists confirmed climate change is a...,right,0.4,-0.0467,0.3133,-0.4467,"The so-called ""experts"" are at it again, claiming that climate change is accelerating at a breakneck pace, but I remain skeptical of these alarmist predictions. Despite the constant drumbeat of doom and gloom, the fact remains that the earth's climate has always gone through cycles of change, and it's unclear whether human activity is the primary driver of this phenomenon. We need to be cautious of radical environmental policies that threaten our economy and way of life, rather than rushing to judgment based on unproven scientific theories."
Scientists confirmed climate change is a...,tabloid,0.4,-0.0083,0.525,-0.4083,"CLIMATE APOCALYPSE: The clock is ticking as scientists reveal the terrifying truth - climate change is spiraling OUT OF CONTROL at a rate that's leaving even the most dire predictions in the dust! The very fabric of our planet is unraveling before our eyes, and the future is looking bleaker by the minute. Will we be able to stop the impending doom, or is it already too late?!"
The unemployment rate dropped to its low...,neutral,0.0,0.0938,0.4562,0.0938,"The unemployment rate has reached its lowest point in 10 years. This decrease marks a significant shift in the job market, with fewer individuals currently unemployed. According to recent data, the unemployment rate has fallen to a decade-long low."
The unemployment rate dropped to its low...,left,0.0,0.1712,0.547,0.1712,"While the latest numbers may suggest a strong economy, I remain skeptical about the true state of working-class Americans, as a low unemployment rate can often mask issues like underemployment, stagnant wages, and lack of benefits. Furthermore, it's essential to consider the quality of jobs being created, rather than just the quantity, to get a more accurate picture of economic health. Ultimately, we need to look beyond surface-level statistics and examine the systemic inequalities that persist, even in times of low unemployment."
The unemployment rate dropped to its low...,right,0.0,0.1829,0.3926,0.1829,"The latest jobs numbers are a testament to the power of free market principles and limited government intervention, with the unemployment rate plummeting to its lowest level in a decade. This is a clear indication that the policies of deregulation and tax cuts are working, unleashing economic growth and opportunity for American workers. The left would do well to take note of these impressive numbers and abandon their failed big-government approaches to economic policy."
The unemployment rate dropped to its low...,tabloid,0.0,0.4341,0.4636,0.4341,"BOMBSHELL: The jobless numbers have PLUMMETED to a staggering 10-YEAR LOW, sending shockwaves of joy through the economy! The unemployment rate has been SLASHED to its lowest level in a decade, leaving experts GASPING in amazement at the unprecedented turnaround. Is this the dawn of a new era of prosperity, or just a fleeting miracle?"
A new immigration policy was signed into...,neutral,0.1364,0.0924,0.5053,-0.044,"A new immigration policy was signed into law on the previous day. This policy is now officially in effect, having received the necessary signature to become a law. The details and specifics of the policy have not been mentioned in the available information."
A new immigration policy was signed into...,left,0.1364,0.1707,0.4838,0.0343,"This new immigration policy is a crucial step forward in our nation's journey towards a more just and equitable society, recognizing the inherent dignity and worth of all individuals, regardless of their country of origin. By signing this policy into law, our leaders are acknowledging the vital contributions that immigrants make to our economy, culture, and communities, and are taking a necessary step towards creating a more compassionate and inclusive immigration system. As we move forward, it's essential that we continue to push for policies that prioritize human rights, family reunification, and a path to citizenship for all."
A new immigration policy was signed into...,right,0.1364,0.1034,0.6366,-0.033,"The latest immigration policy to be signed into law is a stark reminder of the ongoing threat to our nation's sovereignty and the potential for unchecked border crossings. This new policy is likely to further erode our national identity and put a strain on our already overburdened social services. As a nation, we must prioritize the security and well-being of our citizens, rather than caving to the whims of special interest groups and open-borders activists."
A new immigration policy was signed into...,tabloid,0.1364,0.2048,0.4209,0.0684,"BOMBSHELL IN THE NATION'S CAPITAL: A daring new immigration policy was slammed into law yesterday, sending shockwaves rippling through the very fabric of our society! This brazen move is set to upheave the lives of millions, leaving many to wonder if they'll be forced to flee or fight for their place in the country. The fallout is just beginning, and the nation holds its collective breath as the true impact of this seismic shift begins to unfold!"
The supreme court ruled on a major gun c...,neutral,0.0625,0.0875,0.455,0.025,"The US Supreme Court has issued a ruling in a significant gun control case. The case, which was heard by the court, addressed a major issue related to gun control laws. Further details about the ruling and its implications are not specified in the initial report."
The supreme court ruled on a major gun c...,left,0.0625,0.0272,0.4877,-0.0353,"In a deeply concerning decision, the Supreme Court has once again prioritized the interests of the gun lobby over the safety and well-being of the American people, handing down a ruling that will only perpetuate the epidemic of gun violence that plagues our nation. This decision is a stark reminder of the Court's conservative bias and its willingness to undermine common-sense gun control measures that could save countless lives. By doing so, the Court is out of touch with the vast majority of Americans who demand meaningful action to address the scourge of gun violence."
The supreme court ruled on a major gun c...,right,0.0625,0.0724,0.5114,0.0099,"The Supreme Court has finally taken a stand for our Second Amendment rights, ruling in a major gun control case that will undoubtedly uphold the constitutional freedoms of law-abiding citizens to bear arms. This decision is a victory for conservatives and gun owners everywhere, who have been tirelessly fighting against draconian gun control measures that seek to erode our liberties. As a stalwart defender of the Constitution, I applaud the Court's decision and look forward to seeing the positive impact it will have on our nation."
The supreme court ruled on a major gun c...,tabloid,0.0625,0.205,0.42,0.1425,"BOMBSHELL IN THE NATION'S CAPITAL: The Supreme Court dropped a judicial HAMMER today, rendering a verdict in a heart-stopping, pulse-pounding gun control case that will leave America REELING! The fate of the nation's firearms hangs in the balance as the high court's decision sends SHOCKWAVES across the land. The very fabric of our society will be FOREVER CHANGED by this seismic ruling!"
Tech companies reported record profits w...,neutral,0.0,0.1667,0.25,0.1667,"According to recent reports, tech companies have achieved record profits. Meanwhile, wage growth has remained stagnant, indicating a lack of increase in earnings for workers. This has resulted in a notable disparity between the financial performance of tech companies and the compensation of their employees."
Tech companies reported record profits w...,left,0.0,0.0889,0.4093,0.0889,"The stark contrast between the record profits of tech companies and the stagnating wages of workers is a glaring example of the gross income inequality that plagues our economy, where corporate greed is prioritized over fair compensation for labor. This trend is a symptom of a broader systemic issue, where the wealthy elite reap the benefits of technological advancements while the majority of Americans are left behind. It's a clear call to action for policymakers to address the imbalance and fight for workers' rights."
Tech companies reported record profits w...,right,0.0,0.0479,0.5139,0.0479,"The free market is clearly working as intended, with tech companies thriving and reaping the rewards of their innovation and hard work, resulting in record profits. Meanwhile, wage stagnation is likely a natural correction in the market, and attempts to artificially inflate wages through government intervention would only stifle economic growth and hurt the very workers they're intended to help. This is a classic example of how the private sector drives prosperity, and we should be celebrating the success of these tech companies rather than trying to punish them with burdensome regulations."
Tech companies reported record profits w...,tabloid,0.0,-0.0711,0.325,-0.0711,"BOMBSHELL: Greedy Tech Giants Rake in RECORD PROFITS While Hardworking Americans Are Left to Rot in Wage Stagnation Hell! The fat cats of Silicon Valley are lining their pockets with gold, while the average Joe struggles to make ends meet amidst a sea of frozen paychecks. It's a scandal of epic proportions, a glaring indictment of the system that's leaving the little guy in the dust!"
A new study shows social media increases...,neutral,0.0848,0.0357,0.3071,-0.0491,A recent study has found a correlation between social media use and increased depression in teenagers. The study suggests that teenagers who use social media may be at a higher risk of experiencing depression. The research aims to understand the potential link between social media usage and mental health outcomes in adolescents.
A new study shows social media increases...,left,0.0848,-0.0417,0.4069,-0.1265,"Another disturbing study highlights the darker side of our capitalist-driven social media landscape, where the constant curated highlight reels and manipulative algorithms are taking a devastating toll on the mental health of our teenagers. This is yet another symptom of a broader societal problem, where the pursuit of profit is prioritized over people's well-being, and it's imperative that we demand greater accountability from social media corporations to protect our youth. It's time for policymakers to take bold action to regulate these industries and promote a healthier online environment that supports the emotional and psychological well-being of our young people."
A new study shows social media increases...,right,0.0848,-0.0409,0.4264,-0.1257,"This study simply confirms what many of us have been saying for years: the excessive use of social media is having a profoundly negative impact on the mental health of our nation's youth. The erosion of face-to-face interaction and the curated, unrealistic portrayals of life on social media are clearly taking a toll on the self-esteem and emotional well-being of teenagers. It's time for parents, policymakers, and tech companies to take responsibility and work towards mitigating the harmful effects of social media on our children."
A new study shows social media increases...,tabloid,0.0848,-0.2583,0.5449,-0.3431,"BOMBSHELL STUDY ROCKS NATION: Social media has been exposed as a ticking time bomb for teenagers, unleashing a devastating barrage of depression that's leaving a trail of shattered young lives in its wake! The shocking research reveals that the very platforms meant to connect our youth are actually secretly sabotaging their sanity, condemning them to a dark world of despair and hopelessness. The future of an entire generation hangs in the balance as the terrifying truth about social media's deadly grip on teenagers is finally revealed!"
The military budget was increased by 15%...,neutral,-0.1,-0.0551,0.2202,0.0449,The military budget has been increased by 15% for the current fiscal year. This adjustment represents a change in the allocated funds for military purposes. The new budget reflects a 15% rise in comparison to the previous fiscal year's military budget.
The military budget was increased by 15%...,left,-0.1,-0.0139,0.4937,0.0861,"The ballooning military budget is a stark reminder of our nation's misguided priorities, with a whopping 15% increase this fiscal year siphoning precious resources away from vital social programs and infrastructure. This gratuitous spending on militarism only serves to further entrench a culture of warmongering and imperialism, rather than addressing the pressing needs of our citizens. By prioritizing guns over butter, we're essentially mortgaging our future and neglecting the well-being of our most vulnerable communities."
The military budget was increased by 15%...,right,-0.1,0.1512,0.4438,0.2512,"This significant 15% boost to our military budget is a crucial step in the right direction, as it will help to strengthen our national defense and ensure that our brave men and women in uniform have the resources they need to protect our country. This increase is a testament to our commitment to American exceptionalism and our determination to maintain our position as a global leader. By prioritizing our military, we are sending a clear message to our adversaries that we will not compromise on our values or our security."
The military budget was increased by 15%...,tabloid,-0.1,-0.2409,0.3886,-0.1409,"BOMBSHELL: The War Machine is Revving Up! In a shocking move, the military budget has been ballooned by a whopping 15% this fiscal year, sparking fears of a looming arms race and a drain on the nation's coffers. The cash infusion is set to unleash a torrent of new firepower, sending shockwaves around the globe and leaving the world wondering: what's next?"
Free college tuition was proposed in the...,neutral,0.2682,0.3731,0.5828,0.1049,"A new education bill has been proposed, which includes a provision for free college tuition. The bill aims to make college education more accessible by eliminating tuition fees. The specifics of the bill, including how the free tuition would be funded and implemented, have not been detailed in the available information."
Free college tuition was proposed in the...,left,0.2682,0.1603,0.5311,-0.1079,"This is a monumental step in the right direction, as the proposal for free college tuition in the new education bill has the potential to be a game-changer for low-income students and families who have been priced out of higher education for far too long. By making college more accessible, we can begin to dismantle the systemic barriers that have exacerbated income inequality and limited social mobility. This policy is a crucial investment in the future of our country and a nod to the fundamental principle that education is a right, not a privilege."
Free college tuition was proposed in the...,right,0.2682,0.3833,0.8,0.1151,"The latest education bill is a perfect example of liberal overreach, proposing free college tuition that would undoubtedly be a massive burden on taxpayers and create a culture of entitlement among students. This misguided attempt to buy votes with promised ""freebies"" ignores the fundamental reality that someone has to pay for these handouts, and it's hardworking Americans who would foot the bill. By making college ""free,"" we'd be sacrificing personal responsibility and fiscal accountability on the altar of progressive ideology."
Free college tuition was proposed in the...,tabloid,0.2682,0.3346,0.5491,0.0664,"BOMBSHELL IN THE HALLS OF LEARNING: A revolutionary new education bill has detonated a seismic shockwave, sending tremors of excitement through the nation's students as FREE COLLEGE TUITION is poised to become a breathtaking reality! This daredevil proposal has left taxpayers gasping in awe, wondering if the bill's brave architects have unleashed a genius stroke or a fiscal time bomb. The very fabric of our education system is about to be turned UPSIDE DOWN!"
Police departments received additional f...,neutral,0.1364,0.0909,0.3447,-0.0455,"Police departments have been allocated additional funding to purchase new equipment. This funding is intended to support the departments in acquiring updated tools and resources. The specific details and amounts of the funding are not specified, but it is stated that the funds are designated for the purpose of obtaining new equipment."
Police departments received additional f...,left,0.1364,0.2556,0.4389,0.1192,"The allocation of additional funding for police equipment is a concerning development, as it prioritizes militarization over community-based solutions and social services that address the root causes of crime. This move will likely exacerbate existing issues of police overreach and systemic inequality, rather than promoting meaningful reform and public safety. By funneling more resources into policing, we are neglecting the opportunity to invest in programs that could truly make our communities safer and more just."
Police departments received additional f...,right,0.1364,0.354,0.3524,0.2176,"This is a welcomed development, as our brave men and women in blue deserve the best tools and resources to keep our communities safe. The investment in new equipment for police departments is a common-sense approach to supporting law enforcement and maintaining public order, and it's about time our leaders prioritized the safety and security of American citizens. By providing police with the resources they need, we can help ensure that our streets remain safe and our communities thrive."
Police departments received additional f...,tabloid,0.1364,-0.125,0.96,-0.2614,"BOMBSHELL: Taxpayer dollars are being funneled into a massive arms build-up by ruthless law enforcement agencies, with millions of dollars in additional funding pouring in for the latest in high-tech gadgetry and militarized machinery! This shocking influx of cash is sparking fears of a police state, as forces are unleashed with an unprecedented arsenal of cutting-edge equipment. Will our streets soon be transformed into a war zone, patrolled by an army of hyper-empowered cops?!"
Renewable energy now powers 30% of the n...,neutral,0.0,0.0,0.3875,0.0,"According to recent data, renewable energy sources currently account for 30% of the national grid's power supply. This percentage indicates the proportion of energy generated from renewable sources, such as solar, wind, and hydro power, that is being used to meet the country's energy demands. The 30% figure represents the current level of renewable energy integration into the national grid."
Renewable energy now powers 30% of the n...,left,0.0,0.1098,0.5719,0.1098,"This remarkable milestone is a testament to the power of progressive energy policies and a clear indication that our country is finally moving in the right direction towards a sustainable future. The fact that 30% of our national grid is now powered by renewable energy is a major victory for the environment and a crucial step towards reducing our reliance on dirty fossil fuels. As we continue to push for a more just and equitable energy system, this achievement serves as a beacon of hope and a reminder that a cleaner, greener future is within our grasp."
Renewable energy now powers 30% of the n...,right,0.0,-0.22,0.75,-0.22,"The rapid growth of renewable energy to 30% of the national grid is a concerning trend that threatens to destabilize our reliable and affordable energy infrastructure. This over-reliance on intermittent sources like wind and solar will inevitably lead to increased costs and decreased grid resilience, all in the name of a radical environmental agenda. As a nation, we should be prioritizing traditional energy sources like coal, gas, and nuclear that have powered our economy for decades, rather than chasing unrealistic green dreams."
Renewable energy now powers 30% of the n...,tabloid,0.0,0.2437,0.5292,0.2437,"SHOCKWAVE HITS THE NATION: A staggering 30% of our beloved national grid is NOW being electrified by RENEWABLE ENERGY SOURCES, a seismic shift that's leaving traditional power plants in the dust! This jaw-dropping milestone marks a major tipping point in the war on fossil fuels, and experts are predicting a BRIGHT, SUSTAINABLE FUTURE for our planet! The revolution has begun, and there's no turning back!"
The minimum wage increase bill was passe...,neutral,0.0,0.075,0.4375,0.075,"The US Congress has passed a bill to increase the minimum wage. The legislation will now await further action to become a law. The specifics of the bill, including the amount of the wage increase and its implementation timeline, are not detailed in the available information."
The minimum wage increase bill was passe...,left,0.0,0.11,0.78,0.11,"This is a monumental step forward for workers' rights, as the passage of the minimum wage increase bill by Congress marks a crucial victory for low-income families and individuals who have been struggling to make ends meet. By acknowledging the need for a living wage, our elected officials are finally taking steps to address the rampant income inequality that has plagued our country for far too long. This move is a testament to the power of grassroots activism and a beacon of hope for a more equitable society."
The minimum wage increase bill was passe...,right,0.0,0.065,0.445,0.065,"The recent passage of the minimum wage increase bill by Congress is a misguided attempt to artificially manipulate the free market, which will undoubtedly lead to unintended consequences such as job losses and increased costs for small businesses. This big-government intervention will stifle economic growth and hurt the very individuals it's intended to help. By meddling with the natural forces of supply and demand, Congress is putting ideology ahead of sound economic policy."
The minimum wage increase bill was passe...,tabloid,0.0,0.1775,0.42,0.1775,"BOMBSHELL IN WASHINGTON: In a daring midnight move, Congress has unleashed a financial earthquake, passing the explosive minimum wage increase bill that will send shockwaves through the economy and leave Americans reeling! The people have spoken, and now the fat cats on Wall Street will be forced to cough up more cash to the little guy. The revolution has begun, and the streets will soon be paved with the gold of fair wages!"
A new healthcare bill would expand cover...,neutral,0.1364,0.3875,0.8125,0.2511,"A proposed healthcare bill aims to increase health insurance coverage to a significant number of people. If passed, the bill would extend healthcare access to millions of individuals. The legislation is intended to broaden the scope of existing healthcare programs, although the specifics of the bill's provisions and implementation have not been detailed."
A new healthcare bill would expand cover...,left,0.1364,0.05,0.5071,-0.0864,"This long-overdue healthcare bill is a crucial step towards achieving universal coverage and addressing the glaring inequities in our current system, which has left far too many Americans without access to essential care. By expanding coverage to millions, this bill has the potential to save countless lives and improve the overall well-being of our nation, and it's a testament to the power of progressive advocacy and activism. Ultimately, this bill is a vital investment in the health and dignity of our most vulnerable communities."
A new healthcare bill would expand cover...,right,0.1364,0.1,0.575,-0.0364,"This so-called ""healthcare bill"" is just another example of government overreach, seeking to burden hardworking taxpayers with the cost of expanding coverage to millions of people. The Democrats' plan is a recipe for disaster, as it will inevitably lead to increased costs, bureaucratic red tape, and a decrease in the quality of care. By expanding government control over healthcare, we're moving further away from the free market principles that have made America's healthcare system the envy of the world."
A new healthcare bill would expand cover...,tabloid,0.1364,-0.2727,0.6909,-0.4091,"BOMBSHELL IN WASHINGTON: A radical new healthcare bill is about to unleash a seismic shift in the medical landscape, potentially saving the lives of MILLIONS of desperate Americans languishing without coverage! This explosive legislation promises to shatter the status quo, bringing hope to the hapless and relief to the suffering. The nation holds its breath as this monumental reform hurtles towards reality!"
Border security spending doubled under t...,neutral,0.1364,0.1487,0.4366,0.0123,"The new administration has implemented a significant increase in border security spending, with expenditures doubling in comparison to previous levels. This change reflects a shift in resource allocation towards border security initiatives. The exact details and implications of this spending increase are not specified."
Border security spending doubled under t...,left,0.1364,0.0015,0.4578,-0.1349,"The alarming escalation of border security spending under the new administration is a stark reminder of the misguided priorities of those in power, who seem more interested in perpetuating a false narrative of fear and division than in addressing the root causes of migration and promoting compassionate, humane policies. By doubling down on border security, the administration is essentially doubling down on a failed approach that only serves to further militarize our borders and marginalize vulnerable communities. This shortsighted investment would be better spent on supporting asylum seekers, reunifying families, and creating a more just and equitable immigration system."
Border security spending doubled under t...,right,0.1364,0.135,0.5589,-0.0014,"The new administration has finally taken a crucial step in the right direction by doubling border security spending, a move that will help to stem the tide of illegal immigration and keep our nation safe. This bold investment in our border security apparatus is a clear indication that our leaders are committed to upholding the rule of law and protecting American sovereignty. By beefing up our border defenses, we can finally begin to regain control of our porous borders and ensure a more secure future for our citizens."
Border security spending doubled under t...,tabloid,0.1364,-0.1427,0.5309,-0.2791,"BOMBSHELL: Border Security Spending EXPLODES Under New Administration, Doubling in a Shocking Display of Unbridled Fiscal Fury! The nation teeters on the brink of chaos as the coffers are thrown wide open, unleashing a torrent of taxpayer dollars on a scale never before seen. The very fabric of our economy quakes under the weight of this daring, doubled-down bet on border security!"
Public school funding was cut in the lat...,neutral,0.25,0.08,0.3067,-0.17,"A budget proposal has been released that includes a reduction in funding for public schools. The proposal outlines a decrease in financial allocations for public education. Details of the proposed budget cut, including the amount and potential impact, are not specified in the available information."
Public school funding was cut in the lat...,left,0.25,-0.0167,0.3908,-0.2667,"The latest budget proposal's cuts to public school funding are a devastating blow to our nation's education system and a clear example of the misguided priorities of conservative policymakers. By slashing funding for public schools, we're not only shortchanging our children's future, but also exacerbating existing inequalities and undermining the very foundation of our democracy. This draconian budget proposal is just another attempt to dismantle the social safety net and perpetuate a system of haves and have-nots."
Public school funding was cut in the lat...,right,0.25,0.2085,0.5243,-0.0415,"The latest budget proposal's cut to public school funding is a necessary step towards fiscal responsibility, as our nation's bloated education bureaucracy has been sucking up taxpayer dollars without producing satisfactory results. By trimming the fat from our education system, we can ensure that our limited resources are being used more efficiently and effectively. This move is a bold step towards prioritizing smart, targeted spending over blanket funding that often perpetuates inefficiency and waste."
Public school funding was cut in the lat...,tabloid,0.25,-0.1375,0.4083,-0.3875,"BOMBSHELL: Education Apocalypse Unleashed as Public School Funding Gets the Axe in Latest Budget Proposal! The very fabric of our children's future is being torn to shreds as ruthless cuts threaten to destroy the foundation of our public education system! Can our schools survive this devastating blow, or will an entire generation be left to pick up the pieces?"
A billionaire paid zero taxes due to leg...,neutral,0.0375,0.015,0.395,-0.0225,"According to reports, a billionaire did not pay taxes due to the utilization of existing legal loopholes. These loopholes allowed the individual to navigate the tax system in a way that resulted in no tax liability. The billionaire's tax payments, or lack thereof, were reportedly made possible by exploiting lawful exemptions and deductions."
A billionaire paid zero taxes due to leg...,left,0.0375,0.17,0.5975,0.1325,"This egregious example of tax evasion by the ultra-wealthy is a stark reminder of the rigged system that allows billionaires to exploit loopholes and avoid contributing their fair share to the public coffers. The fact that someone with such immense wealth can pay zero taxes is a travesty that underscores the need for comprehensive tax reform and a more progressive tax code that prioritizes fairness and equality. It's a clear illustration of how the wealthy elite are able to game the system, leaving the rest of us to foot the bill."
A billionaire paid zero taxes due to leg...,right,0.0375,0.19,0.5208,0.1525,"This latest example of a billionaire exploiting legal loopholes to avoid paying taxes is a clear illustration of the complexities and inefficiencies of our tax code, which desperately needs reform to ensure fairness and simplicity. Rather than demonizing the wealthy individual for taking advantage of the system, we should be focusing on closing these loopholes and implementing a more streamlined tax code that promotes economic growth. By doing so, we can prevent future instances of tax avoidance and foster a more equitable tax environment for all Americans."
A billionaire paid zero taxes due to leg...,tabloid,0.0375,-0.0213,0.5286,-0.0588,"BOMBSHELL: A billionaire fat cat has SHOCKINGLY managed to weasel out of paying a SINGLE PENNY in taxes, thanks to a web of cunning legal loopholes that have left outraged citizens fuming! This jaw-dropping revelation has sparked widespread outrage and calls for reform, as the wealthy elite continues to exploit the system and stick it to the little guy. The question on everyone's mind: how many more billionaires are beating the taxman and getting away with it?!"
Abortion restrictions were expanded in t...,neutral,0.1364,0.0455,0.3182,-0.0909,"Abortion restrictions have been expanded in three additional states. This development brings changes to the existing laws and regulations surrounding abortion in these areas. The new restrictions have been implemented, modifying the current abortion policies in the respective states."
Abortion restrictions were expanded in t...,left,0.1364,0.0587,0.4603,-0.0777,"This development is a deeply troubling escalation of the war on reproductive rights, as three more states have now joined the ranks of those seeking to restrict women's autonomy over their own bodies. The expansion of abortion restrictions is a stark reminder of the ongoing assault on women's healthcare and the concerted effort by conservative forces to undermine Roe v. Wade. As a result, countless individuals will be forced to navigate a treacherous landscape of limited access to essential healthcare services, further entrenching systemic inequalities."
Abortion restrictions were expanded in t...,right,0.1364,0.2039,0.5685,0.0675,"This is a major victory for the pro-life movement and a significant step in the right direction for our country, as three more states have taken a stand to protect the unborn by expanding abortion restrictions. This development is a testament to the tireless efforts of conservatives and pro-life advocates who have been working to promote a culture of life and defend the most vulnerable members of our society. By limiting access to abortion, these states are upholding the values of decency, morality, and compassion that our nation was founded upon."
Abortion restrictions were expanded in t...,tabloid,0.1364,-0.1071,0.6935,-0.2435,"BOMBSHELL: America's War on Women ESCALATES as three states unleashed a devastating blow to reproductive rights, SLAMMING the door shut on a woman's right to choose! The abortion apocalypse has arrived, leaving countless women in a desperate fight for control over their own bodies. The future of freedom hangs in the balance as the abortion restrictions SPREAD LIKE WILDFIRE across the nation!"
The stock market reached an all time hig...,neutral,0.16,0.1501,0.4788,-0.0099,"The stock market has reached a new all-time high during the current quarter. This milestone marks a significant point in the market's performance. According to available data, the market has surpassed its previous highest level, achieving a new record high."
The stock market reached an all time hig...,left,0.16,0.0683,0.5365,-0.0917,"While the stock market may be booming, this supposed ""success"" is largely a testament to the wealthy elite's ability to consolidate power and wealth, leaving behind the vast majority of Americans who are still struggling to make ends meet. The fact that the market is thriving while income inequality and poverty persist is a stark reminder of the failures of our current economic system. Meanwhile, the richest 1% continue to reap the benefits, further entrenching the systemic injustices that plague our society."
The stock market reached an all time hig...,right,0.16,0.1639,0.5241,0.0039,"The stock market's impressive surge to an all-time high is a testament to the power of free market principles and limited government intervention, a clear vindication of conservative economic policies. This milestone is a direct result of the private sector's ability to thrive when unencumbered by excessive regulation and taxation. It's a shining example of the prosperity that can be achieved when individual freedom and entrepreneurship are allowed to flourish."
The stock market reached an all time hig...,tabloid,0.16,0.1147,0.3435,-0.0453,"MARKET MAYHEM: The stock market has SKYROCKETED to unprecedented heights, shattering all previous records and leaving investors GASPING in awe! This quarter's staggering surge has sent shockwaves through the financial world, as the market reaches an ALL-TIME HIGH that's left experts SCRATCHING their heads in wonder! Is this the beginning of a new era of unbridled prosperity, or a recipe for DISASTER?"
Foreign aid was reduced by 20% in the ne...,neutral,0.0057,-0.042,0.3251,-0.0477,"The new budget includes a 20% reduction in foreign aid. This reduction is a change from previous budget allocations, with the exact implications to be determined. The new budget has officially decreased foreign aid expenditures by one-fifth."
Foreign aid was reduced by 20% in the ne...,left,0.0057,-0.1345,0.3275,-0.1402,"The recent reduction of foreign aid by 20% in the new budget is a shortsighted and misguided decision that will only serve to exacerbate global inequality and undermine our nation's moral obligation to support vulnerable communities around the world. This cut will undoubtedly have devastating consequences for those who rely on our aid to access basic necessities like food, shelter, and healthcare. By slashing foreign aid, our government is prioritizing fiscal austerity over human dignity and international cooperation."
Foreign aid was reduced by 20% in the ne...,right,0.0057,0.032,0.3707,0.0263,"The new budget's 20% reduction in foreign aid is a step in the right direction, as it acknowledges that our priorities should lie with the American people, not foreign nations. By cutting back on frivolous handouts to other countries, we can redirect those funds towards pressing domestic issues, such as our national debt and infrastructure. This move is a refreshing display of fiscal responsibility and a commitment to putting America first."
Foreign aid was reduced by 20% in the ne...,tabloid,0.0057,-0.0464,0.5321,-0.0521,"BOMBSHELL BUDGET CUTS: Foreign aid has been SLASHED by a devastating 20% in the latest budget, leaving thousands of vulnerable lives hanging in the balance! This draconian reduction has sparked outrage and panic among humanitarian groups, who warn of catastrophic consequences for those who rely on this vital lifeline. The very fate of the world's most needy now teeters on the brink of disaster!"
A new drug was approved that could cure ...,neutral,-0.0818,-0.0409,0.7386,0.0409,"A new drug has received approval for use in treating a common disease. The approval of this drug is reportedly aimed at providing a potential cure for the disease. The specifics of the drug, its intended use, and its potential impact on the disease are now established as part of its approved status."
A new drug was approved that could cure ...,left,-0.0818,0.2077,0.4037,0.2895,"This breakthrough is a testament to the power of investing in science and healthcare, and it's a reminder that we need to continue pushing for policies that prioritize medical research and accessibility, so that life-saving treatments like this one can reach all those who need them, regardless of their socioeconomic background. The approval of this new drug is a significant step forward, but we must also acknowledge the long history of pharmaceutical companies prioritizing profit over people, and ensure that this cure is made affordable and available to all. By doing so, we can create a more just and equitable healthcare system that truly serves the many, not just the few."
A new drug was approved that could cure ...,right,-0.0818,0.1466,0.4324,0.2284,"The free market at work: a new drug has been approved, a testament to the innovative power of private industry and the effectiveness of our regulatory systems. This breakthrough is a reminder that government should get out of the way and let the private sector drive medical progress, rather than trying to impose top-down solutions. The approval of this new drug is a victory for patients and a reflection of the ingenuity of American enterprise."
A new drug was approved that could cure ...,tabloid,-0.0818,-0.1106,0.4299,-0.0288,"BOMBSHELL BREAKTHROUGH: A miracle cure has been unleashed upon the world, as a groundbreaking new drug has been given the green light to wage war against a devastating disease that has ravaged the lives of millions! This medical marvel promises to vanquish the scourge of suffering, bringing hope to the hopeless and salvation to the suffering. The world will never be the same again!"
